Comics,Cartoons,Movies,TV,Video Games,Music,Beer/Alcohol,Sports,Funny,Brands,Junk Food
Aquaman,Adventure Time,300,24 Twenty Four,Angry Birds,1D,Budweiser,MLB,Funny Comic T-Shirts,Lucky 13,AC/DC
Archie Comics,Alice In Wonderland,40 Year Old Virgin,30 Rock,Assassin's Creed,AC/DC,Captain Morgan,MLS,Funny Cartoon T-Shirts,Junk Food,Alice In Wonderland
"Avengers, The",Almost Naked Animals,A Clockwork Orange,Airwolf,Asteroids,"Adicts, The",Coors,NBA,Funny Movie T-Shirts,Mighty Fine,Atari
Axe Cop,Animaniacs,Airplane,Amazing Race,Atari,Aerosmith,Corona,NFL,Funny TV T-Shirts,Life Clothing,"Avengers, The"
Batman,Bambi,Aladdin,American Pickers,Batman Arkham Asylum,Alice Cooper,Fosters,NHL,Funny Video Game T-Shirts,Sailor Jerry,Batgirl
Black Lightning,Batman,American Pie,"Andy Griffith Show, The",Call Of Duty,Alkaline Trio,Guinness,University,Funny Music T-Shirts,Ripple Junction,Batman
Captain America,Beavis & Butthead,American Wedding,Arrested Development,Centipede,Allman Brothers,Merlot,,Funny Beer/Alcohol T-Shirts,,Beatles
Captain Marvel,Betty Boop,Anchorman,Battlestar Galactica,Cut The Rope,Anthrax,Mickey's,,Funny Sports T-Shirts,,Beavis & Butthead
Catwoman,Black Butler,Animal House,Beavis & Butthead,Diablo III,As I Lay Dying,Miller,,Funny Brand Name T-Shirts,,Betty Crocker
"Dark Knight, The",Care Bears,Army Of Darkness,"Beverly Hillbillies, The",Dragon's Lair,Audioslave,Olde English,,Funny Junk Food T-Shirts,,Blow Pops
DC Comics,Courage The Cowardly Dog,Back To The Future,Beverly Hills 90210,Dungeons & Dragons,Avenged Sevenfold,Red Stripe,,,,Budweiser
Fantastic Four,Cow And Chicken,Bambi,Bewitched,Gears Of War,Bad Brains,Sailor Jerry,,,,Captain America
Firestorm,Curious George,Batman,"Big Bang Theory, The",God Of War,Bad Religion,,,,,Care Bears
Flash,Dethklok,Bettie Page,Big Time Rush,Halo,Beastie Boys,,,,,Centipede
"Four Horsemen Of The Apocalypse, The",Dexter's Laboratory,Beverly Hills Cop,Billy The Exterminator,Legend of Zelda,"Beatles, The",,,,,Coca Cola
Garfield,Dinosaur Train,"Big Lebowski, The","Bionic Woman, The",Mario,Black Eyed Peas,,,,,Cocoa Puffs
Green Arrow,Disney,"Blues Brothers, The",Boardwalk Empire,Marvel Vs Capcom 3,Black Label Society,,,,,Curious George
Green Lantern,Domo,Boondock Saints,"Brady Bunch, The",Medal Of Honor,Black Sabbath,,,,,DC Comics
Hawkman,Dr. Seuss,Borat,Breaking Bad,Minecraft,Bob Marley,,,,,Disney
Iron Man,Dragonball Z,Born In East LA,Buffy the Vampire Slayer,Mortal Kombat,Boston,,,,,Dr Seuss
Justice League,"Ed, Edd n Eddy",Breakfast At Tiffany's,Californication,Nintendo,Bruce Springsteen,,,,,Eggo
Martian Manhunter,Family Guy,Bruce Lee,Care Bears,Pac Man,Bullet For My Valentine,,,,,Felix The Cat
Marvel Comics,Felix the Cat,Caddyshack,Charles In Charge,Plants Vs Zombies,Cake,,,,,"Flash, The"
Peanuts,Foster's Home For Imaginary Friends,Charlie Sheen,Charlie's Angels,Pokemon,CBGB,,,,,Ford
Plastic Man,G.I. Joe,Cheech & Chong,Charmed,Portal 2,Cody Simpson,,,,,Frosted Flakes
Punisher,Garfield,Chuck Norris,Cheers,Punch Out,David Bowie,,,,,Garbage Pail Kids
Spider-Man,Gumby,Chuck Norris,CHiPs,Resident Evil,Deadmau5,,,,,GI Joe
Supergirl,He Man,Clash Of The Titans,Community,Sega,Def Leppard,,,,,Grateful Dead
Superman,Hello Kitty,Coraline,Criminal Minds,Skylanders,Dethklok,,,,,Green Lantern
Teenage Mutant Ninja Turtles,I Am Weasel,"Corpse Bride, The",CSI,Sonic The Hedgehog,Dimebag Darrell,,,,,Guinness
Thor,Jem,Cry Baby,Curb Your Enthusiasm,Space Ace,Disasters,,,,,Iron Man
Tornado,"Jetsons, The","Dark Crystal, The",Dallas,Space Invaders,Disturbed,,,,,Jetsons
Vampirella,Johnny Bravo,"Dark Knight, The",Dexter,Starcraft II,"Doors, The",,,,,Jimi Hendrix
"Walking Dead, The",Kawaii Not,Dazed & Confused,Dr. Who,Street Fighter,Down,,,,,KISS
Watchmen,King of the Hill,Debbie Does Dallas,Dragnet,Tetris,Dropkick Murphys,,,,,Little Miss
Wonder Woman,Looney Tunes,Delta Force,Duck Dynasty,Track & Field,Eagles,,,,,Looney Tunes
X-Men,Marvin the Martian,Disney,"Dukes of Hazzard, The",Wii,Elvis Presley,,,,,Lucky Charms
Zatanna,Masters Of The Universe,Dodgeball,Eastbound & Down,World Of Warcraft,Fireball Ministry,,,,,Lynyrd Skynyrd
Zenescope Comics,Mickey,Dragonslayer,Entourage,,Flogging Molly,,,,,Madonna
,Mighty Morphin Power Rangers,Dumb And Dumber,Eureka,,Foo Fighters,,,,,Marvel Comics
,Mighty Mouse,Easy Rider,Everybody Loves Raymond,,Foreigner,,,,,Monopoly
,"Muppets, The",Elf,Family Guy,,Frank Zappa,,,,,MTV
,My Little Pony,Elvira,Family Ties,,Ghost,,,,,"Muppets, The"
,Naruto,Fast Times At Ridgemont High,Farscape,,Godsmack,,,,,NBA
,Peanuts,Ferris Bueller's Day Off,Frasier,,Grateful Dead,,,,,Nestle
,Phineas And Ferb,Fight Club,Friday Night Lights,,Green Day,,,,,NFL
,"Pink Panther Show, The",Flash Gordon,Game Of Thrones,,Guns N Roses,,,,,"Peanuts, The"
,Pinky And The Brain,Flashdance,Ghost Whisperer,,Hatebreed,,,,,Peter Pan
,Popeye,Forbidden Planet,Gilligan's Island,,HIM,,,,,Pink Floyd
,"Powerpuff Girls, The",Frankenstein,Gossip Girl,,Ice Cube,,,,,Pinocchio
,Rainbow Brite,Frankenweenie,Happy Days,,Insane Clown Posse,,,,,Popeye
,Regular Show,Ghostbusters,Hell's Kitchen,,Iron Maiden,,,,,Radiohead
,Samurai Jack,Gladiator,Heroes,,Jerry Garcia,,,,,Rainbow Brite
,Schoolhouse Rock,"Godfather, The",Hoarders,,Jim Morrison,,,,,Rocky Horror Picture Show
,Scooby Doo,Godzilla,Hogan's Heroes,,Jimi Hendrix,,,,,Rod Stewart
,Sesame Street,"Good The Bad And The Ugly, The",Homeland,,Johnny Cash,,,,,"Rolling Stones, The"
,Simpsons,Goonies,House M.D.,,Jonas Brothers,,,,,Run DMC
,Smurfs,Green Lantern,How I Met Your Mother,,Journey,,,,,Smurfs
,South Park,Gremlins,Howdy Doody,,Judas Priest,,,,,Snow White
,Speed Racer,Half Baked,I Dream Of Jeannie,,KISS,,,,,Space Invaders
,Spongebob Squarepants,Halloween,Ice Road Truckers,,Led Zeppelin,,,,,Spider-Man
,Star Trek The Animated Series,"Hangover, The",It's Always Sunny in Philadelphia,,Lil Wayne,,,,,Star Trek
,Teenage Mutant Ninja Turtles,Hansel And Gretel,"Jeff Dunham Show, The",,Linkin Park,,,,,Star Wars
,The Iron Giant,Harry Potter,Jericho,,Lou Reed,,,,,Superman
,Thundercats,Hellboy,"Jerry Springer Show, The",,Lynyrd Skynyrd,,,,,Sweet Tarts
,Transformers,High Noon,Jersey Shore,,Machine Head,,,,,The Hangover
,Voltron,"Hobbit, The",King of the Hill,,Madonna,,,,,The Police
,Winnie The Pooh,Hoosiers,Knight Rider,,Mastodon,,,,,Tootsie Rolls
,Yo Gabba Gabba,How The Grinch Stole Christmas,Law & Order,,Megadeth,,,,,Transformers
,,Invasion Of The Body Snatchers,Leave It To Beaver,,Metallica,,,,,Twister
,,"Iron Giant, The","Little Rascals, The",,Michael Jackson,,,,,Velvet Underground
,,Iron Man 2,Looney Tunes,,Misfits,,,,,Wheaties
,,James Bond,"Love Boat, The",,Motley Crue,,,,,Where The Wild Things Are
,,James Dean,"Magnum, P.I.",,Motorhead,,,,,Wonder Woman
,,Jaws,Manhunters,,MTV,,,,,X Men
,,Jurassic Park,Married With Children,,Muse,,,,,Yo Gabba Gabba
,,Karate Kid,MASH,,New York Dolls,,,,,
,,King Kong,Miami Vice,,Nine Inch Nails,,,,,
,,Labyrinth,"Mod Squad, The",,Nirvana,,,,,
,,Lion King,Modern Family,,Notorious BIG,,,,,
,,"Little Mermaid, The",Modern Marvels,,"Offspring, The",,,,,
,,"Lord Of The Rings, The",Monk,,Ozzy Osbourne,,,,,
,,Marilyn Monroe,Monty Python,,Pantera,,,,,
,,Mirrormask,More Cowbell,,Papa Roach,,,,,
,,Monty Python,Mork & Mindy,,Pearl Jam,,,,,
,,"Naked Gun, The",Mr. Bean,,Phish,,,,,
,,National Lampoon's Christmas Vacation,Mr. Rogers,,Pink Floyd,,,,,
,,National Lampoon's Vacation,MTV,,"Police, The",,,,,
,,"Nightmare Before Christmas, The","Munsters, The",,Primus,,,,,
,,Nightmare On Elm Street,"Muppets, The",,Public Enemy,,,,,
,,Office Space,My Three Sons,,Radiohead,,,,,
,,Old School,NCIS,,Ramones,,,,,
,,Once Upon A Time In The West,"Office, The",,Red Hot Chili Peppers,,,,,
,,"Pink Panther, The","Outer Limits, The",,REO Speedwagon,,,,,
,,Pinocchio,Paranormal State,,"Rolling Stones, The",,,,,
,,Pirates Of The Caribbean,Parking Wars,,Run DMC,,,,,
,,Princess Bride,Parks & Recreation,,Rush,,,,,
,,Psycho,Pawn Stars,,Selena Gomez,,,,,
,,Pulp Fiction,Power Rangers,,Sex Pistols,,,,,
,,Red Dawn,Psych,,Simon & Garfunkel,,,,,
,,Reservoir Dogs,Quantum Leap,,Simon And Garfunkel,,,,,
,,Resident Evil,Sanford and Son,,Slash,,,,,
,,Road Trip,Saturday Night Live,,Slayer,,,,,
,,Robocop,Saved by the Bell,,Slipknot,,,,,
,,Rocky,Seinfeld,,Social Distortion,,,,,
,,Rocky Horror Picture Show,Shameless,,Stone Temple Pilots,,,,,
,,Shaun Of The Dead,Shark Tank,,Sublime,,,,,
,,Sixteen Candles,Simpsons,,Suffocation,,,,,
,,Smokey And The Bandit,"Six Million Dollar Man, The",,Sun Records,,,,,
,,Snow White,Sons Of Anarchy,,Tokio Hotel,,,,,
,,Star Trek,"Sopranos, The",,Tool,,,,,
,,Star Wars,Soul Train,,Twisted Sister,,,,,
,,Super Fly,South Park,,U2,,,,,
,,Ted,Spongebob Squarepants,,Van Halen,,,,,
,,Terminator,Star Trek,,"Velvet Underground, The",,,,,
,,Texas Chainsaw Massacre,Stargate,,Weezer,,,,,
,,The Birds,Storage Wars,,"Who, The",,,,,
,,"Three Amigos, The",Survivor,,Willie Nelson,,,,,
,,Tommy Boy,Swamp People,,Woodstock,,,,,
,,Top Gun,Taxi,,ZZ Top,,,,,
,,Toy Story,The Voice,,,,,,,
,,Tremors,"Three Stooges, The",,,,,,,
,,Tron,True Blood,,,,,,,
,,Tropic Thunder,Twilight Zone,,,,,,,
,,V For Vendetta,Walker Texas Ranger,,,,,,,
,,"War Of The Worlds, The","Walking Dead, The",,,,,,,
,,Watchmen,Weeds,,,,,,,
,,Wayne's World,Wheel Of Fortune,,,,,,,
,,Where the Wild Things Are,Wilfred,,,,,,,
,,Wizard Of Oz,Will & Grace,,,,,,,
,,Your Highness,Workaholics,,,,,,,
,,Zoolander,WWF,,,,,,,
,,,Xena Warrior Princess,,,,,,,
,,,,,,,,,,
,,,,,,,,,,
,,,,,,,,,,
,,,,,,,,,,
,,,,,,,,,,
,,,,,,,,,,
,,,,,,,,,,
,,,,,,,,,,
